,ZLK: gap-fit analıza,,,,,,,,,,,
,,,,,,,,,,,,
,,verze,1.00,,,,,,,,,
,,datum,2025-11-24,,,,,,,,,
,,pøipravil,Tomáš Grišèík,,,,,,,,,
,,,,,,,,,,,,
,Oblast,Kapitola,Poadavek,Oznaèení analıza BC,Etapa Projektu,Popis øešení,Øešení,Zpùsob fakturace,Akceptaèní kritéria,Aktuální stav,Odhad ÈD,Odhad délky øešení
,Master_Data,Obecná master data ,"Èíslování karty Dodavatelù a zákazníkù s novou èíselnou øadou. Èíslo z pùvodního systému zachovat na kartì, pro monost navedení poèáteèních stavù",DNPS_01,Etapa 1 - Implementace BC,Na karty dodat pole èíslo z pùvodního systému,Essence úprava,T&M,"Na kartì zákazníka, dodavatele a kontaktu je moné zadat èíslo z pùvodního systému. Dle tohoto pole budou následnì navedeny poè. stavy a otevøené poloky",,0.5,
,Master_Data,Karty Zboí,Druhı název karty na tiskovıch sestavách (pùvodní název + novı),DNPS_02,Etapa 1 - Implementace BC,"Na vìtšinì reportech je moné vyuít pole Popis2. V pøípadì, e se jedná o pøeklad do cizího jazyku, bude vyuitá tabulka pøekladl zboí nebo variant",Microsoft,,"Je moná zadat popis a popis 2 na kartu zboí.
V rámci definování tiskovıch sestav bude urèeno, kde je tøeba vybrat i popis 2.",,,
,Master_Data,Karty Zákazníka,Ovìøení IÈ a DIÈ,DNPS_03,Etapa 1 - Implementace BC,Ovìøení DIÈ/VIES a pøípadná kontrola IÈ v národních registrech.,Poznámka,,Definováno v bodech FIN Ovøení je moné provést pr CZ i EU zákazníky.,,,
,Master_Data,Karty Dodavatele,Alternatívní adresy (pro dodavatele a zákazníky),DNPS_04,Etapa 1 - Implementace BC,Evidence více dodacích adres na kartì partnera.,Microsoft,,"Na kartách zákazníkù i dodavatelù je moné definovat alternativní adresy. Na dokladech (nabídky, poptávka, objednávky, faktury) je následnì moné ze seznamu alternativních adres vybrat a pouít pro konkrétní obchodní pøípad.",,,
,Master_Data,Karty Zboí,"Rozšíøení karty zboí o nová pole: 
1) Poøizovací cena kalkulaèní
2) Reijní pøiráka (%)
3) Obchodní skupina (vıbìr z èíselníku).",DNPS_05a,Etapa 1 - Implementace BC,Standardní D365 BC tato pole neobsahuje. Bude nutné provést customizaci a vytvoøit nová ,Essence úprava,T&M,"Na kartì zboí mohu zadat 3 hodnoty:
1) kalkulaèní nákladovou cenu (nákladová cena, která vstupuje do vıpoètu prodejní ceny produktu z konfigurátoru)
2) reijní pøiráka (navıšení nákladové ceny o reijní pøiráku
3) Obchodní skupina - monost zadat obchodní skupinu komponent, polotovarù a vırobkù (vıbìr hodnoty z èíselníku)
",,1,
,Prodej,Prodejní ceníky a slevy,Na základì informací na kartì zboí (nová pole viz DNPS_05a) bude v rámci konfigurátoru konfigurována i prodejní cena. ,DNPS_05b,Etapa 1 - Implementace BC,"Konfigurátor produktu rozšíøit o monosti zobrazení a vytvoøení cenotvorby konfigurovaného produktu.
V závislosti na BOM akce a Sales Line akce upravovat nabízenou cenu. (Pøidání do BOMu = nárùst prodejní ceny o:
Poøizovací cena kalkulaèní + (Poøizovací cena kalkulaèní* reijní pøiráka) * sleva z ceníku dle Obchodní skupiny",Essence úprava,T&M,"V rámci konfigurace produtktu vidím vliv na nabízenou cenu konfigurované varianty. V návaznosti na kofiguraci vytváøím prodejní cenu produktu)
",,13,
,Master_Data,Prodejní ceníky a slevy,Slevy na komponenty vırobku v nabídce a objednávce.,DNPS_06,Etapa 1 - Implementace BC,"D365 BC má standardní funkce Sales Prices a Purchase Prices. Pro vytvoøení ceníkù bude potøeba vytvoøit customizovanı proces

",Microsoft,,Standard systému obsahuje pole Skupina slev zboí. Dle tohoto pole a v kombinaci s nastavením zákazníka je moné urèit slevy pro jednotlivé produkty.,,,
,Master_Data,Karty Zákazníka,"Kontakty (kontakt pro fakturaci, email, tel. na více lidí)",DNPS_07,Etapa 1 - Implementace BC,Standardní správa kontaktních osob a jejich rolí.,Microsoft,,"Na jednotlivıch kontaktech mphu nastavit kompetence kontaktu. Standardní funkce umoòuzje nastavit odpovìdnost za:
1) Potvrzení objednávky a schválení nabídky
2) Fakturaci
3) Dodací listy
4) Platby
5) Nákup",,,
,Master_Data,Karty Dodavatele,Bankovní kontakty (nastavené pouze pro dodavatele),DNPS_08,Etapa 1 - Implementace BC,Evidence bankovních úètù na kartì partnera.,Microsoft,,Na kartì Dodavatele mohu zadat bankovní úèty pro platby. Tento úèet je následnì prenášen na objednávku i fakturu,,,
,Prodej,Konfigurátor,"Nestandardní poadavky zákazníka (díra pro koèku, rùzné rozmìry)",DNPS_09,Etapa 1 - Implementace BC,"Sledování nestandardních specifikací (mono pøes Text, Varianty nebo Rozšíøenou dimenzi). Konfigurátor",Essence úprava,T&M,V rámci konfigurátoru produktu bude mono zaevidovat nestandardní poadavky. V rámci této volby dojde k notifikaci technologa pro validaci zmìny v rámci vıroby a nákupèí pro validaci nákupu,,4.5,
,Master_Data,Karty Zboí,"Karty 110, 115, 120 (nakupují se)",DNPS_10,Etapa 1 - Implementace BC,"Klasifikace zásob podle úèetních skupin/typù.
Bude zavedena jednotná struktura karet zboí. Zmìny budou na základì nastavenıch hodnot na kartì zboí. Napø. Zpùsob dozábení (nákup / vıroba), Definice TPV …",Microsoft,,"Na kartì zboí mohu nastavit rùzné zpùsoby dozásobení. Na základì zvolené hodnoty rozhoduji, zdali bude karta procházet nákupem nebo vırobou",,,
,Master_Data,Karty Zboí,Karty 5* (vyrábí se – polotovary??),DNPS_11,Etapa 1 - Implementace BC,Zboí s Montáním/Vırobním kusovníkem.,Microsoft,,Na zboí mohu zadat TPV i alternativní TPV,,,
,Master_Data,Karty Zboí,"Karty 810, 815, 820 (vyrábí se, BOM + technologickı postup)",DNPS_12,Etapa 1 - Implementace BC,Zboí s Vırobním kusovníkem (BOM) a Technologickım postupem (Routing).,Microsoft,,Na zboí mohu zadat TPV i alternativní TPV,,,
,Sklady,Lokace a pøihrádky,Minimalizace poètu lokací a eliminace pouívání systémovıch transferù.,DNPS_13,Etapa 1 - Implementace BC,"Systémovì budeme øešit jen lokaci HLAVNÍ. Další lokace budou zvoleny jen pro specifické potøeby procesu, jako je napø. evidence scrapu. Skladování a vıroba bude pomocí nastavení jednoho fyzického umístnìní",Microsoft,,"V systému budu mít minimum nutnıch lokací. Na prodejních, nákupních a vırobních dokladech bude vyuívána jen lokace Hlavní",,,
,Sklady,"Zaskladnìní, vyskladnìní",Vyskladòování pøímo ke stroji (Spotøeba ve vırobì),DNPS_14,Etapa 1 - Implementace BC,Standardní proces vıdeje materiálu do vırobní zakázky.,Microsoft,,"Na pracovním a strojním centru mohu zadat èíslo pøihrádky, na které má sklad pøipravit materiál, kterı je svázanı k dané operaci. Pøi vytvoøení vyskladnìní na VZ dojde k identifikaci na kterou pozici má sklad pøipravit materiál",,,
,Sklady,Lokace a pøihrádky,"Evidovat, kde zboí leí (pøihrádky/Bins)",DNPS_15,Etapa 1 - Implementace BC,Vyuití pokroèilé správy skladu s pøihrádkami.,Microsoft,,"Kdykoliv v systému mohu zjistit, kde se zboí nachází. Lze vyuít také HHT",,,
,Sklady,Lokace a pøihrádky,Stan (více pøihrádek),DNPS_16,Etapa 1 - Implementace BC,Zmìna struktury pøihrádek (Bins).,Microsoft,,Stan bude rozdìlen na jednolivé pozice také. V rámci tohoto rozdìlení bude následnì moné identifikovat kde se zboí v rámci stanu nacházi,,,
,Sklady,Spotøeba materiálu,Automatická evidence spotøeby materiálu do VZ,DNPS_17,Etapa 1 - Implementace BC,Automatizovanı zápis spotøeby pomocí kiosku a svázání TNG a BOM,Essence modul,,Pøi spuštìní funkce odvedení operace (Zápis o dokonèení definované operace) dojde k automatizované spotøebì materiálu,,,
,Sklady,Spotøeba materiálu,Spotøeba z vıroby,DNPS_18,Etapa 1 - Implementace BC,Standardní evidence spotøeby materiálu.,Essence modul,,Pøi spuštìní funkce odvedení operace (Zápis o dokonèení definované operace) dojde k automatizované spotøebì materiálu,,,
,Sklady,Dozásobení,Standardní zboí drí se skladem,DNPS_19,Etapa 1 - Implementace BC,Standardní správa zásob pomocí skladovıch jednotek. Pro kadé zboí (pøípadnì kombinace Zboí + varianta) je moné nastavit minimální mnoství a další parametry pro automatické objednávání materiálu a dodrení skladovıch zásov,Microsoft,,"Mohu vytvoøit SKU pro kombinaci:
Zboí X Varianta X Lokace a nastavení minimální/ maximálních zásob a modifikátoru objednávky (min obj. mnoství, násobek objednávky ….)",,,
,Sklady,Dozásobení,Zakázkové zboí (objedná se a po potvrzení objednávky zákazníkem),DNPS_20,Etapa 1 - Implementace BC,Vyuití modulu Essence Manufacturing a funkce na dozásobení prodejní objednávky / vırobní zakázky.,Essence modul,,Pøi spuštìní funkce Vytvoøit dozásobení prodejní objednávky / vırobní zakázky mi systém nadefinuje veškeré potøebné nákupy a vıroby vùèi zdrojovému dokladu.,,,
,Sklady,Inventura na skladì,"Inventury (Jednou roènì, prùbìnì, na èteèky)",DNPS_21,Etapa 1 - Implementace BC,Fyzická/Cyklická inventura. Pomocí modulu Essence Physical Inventory Order,Essence modul,,"Mohu vytvoøit objednávku inventury, kterou je moné rozdìlit na jednotlivé záznamy, které zpracovávají rùzní uivatelé. Inventura je následnì zpracována pomocí Wizardu, kterı uivatele vede k dalšímu vyrovnání (Nejdøív jsou vyrovnány zámìny a a následnì zaúètován inventární rozdíl)",,,
,Sklady,Ostatní,Záporné zásoby,DNPS_22,Etapa 1 - Implementace BC,Neumoníme záporné zásoby,Microsoft,,Nemohu zaúètovat záporné zásoby.,,,
,Sklady,Ostatní,Evidencie vratného obalu,DNPS_23,Etapa 1 - Implementace BC,Sledování vratnıch obalù (palet) jako samostatná agenda/zboí.,Essence modul,,,,,
,Sklady,"Karta zboí, poloky zboí","Objednávka zboí pouze jednou vùèi konkrétnímu OP. Mùe nastat situace, kdy napøíklad kliku objednáme pouze 1x v historii spoleènosti",DNPS_24,Etapa 1 - Implementace BC,"Vyuití univerzální karty zboí. Tato karta bude vytvoøena pro všechny potøebné skupiny zboí (kliky, panty…) a bude sledována pomocí Šarí. Je potøeba zadat Šari pøi nákupu, vırobì apod vèetnì popisu. Na základì tohoto vygenerování dojde k nákupu a evidence pøesnıch nákladù vùèi jednotnému OP",Microsoft,,Mohu objednat nestandardní produkt z definované kategorie produktù. Evidenci udruji vùèi konkrétnímu OP pomocí šare (šare = èíslo OP),,,
,Nákup,Fakturace a došlá pošta,Nákup faktury (OCR),DNPS_25,Etapa 1 - Implementace BC,Automatické rozpoznání faktur pomocí OCR. Provìøit.,Poznámka,,,,,
,Sklady,"Karta zboí, poloky zboí","Zboí typu Sluba (doprava, konstrukèní úpravy apod…)",DNPS_26,Etapa 1 - Implementace BC,"Zaloení karet typu sluba, které neprocházejí pøes sklad. Spotøebovávají se pøímo do SO",Microsoft,,"Mohu mít zaloené karty zboí, které mohu nakupovat i prodávat ale neeviduji jejich skladové pohyby. Napøíklad Doprava, konstrukèní úpravy, montá",,,
,Sklady,"Zaskladnìní, vyskladnìní","Scrap: zjištìní, e pøijali chybnı materiál (zmetky jdou do kotle)",DNPS_27,Etapa 1 - Implementace BC,Pøesun SCRAP zboí na definovanou lokaci (vyrovnání lokace dle potøeb umoní úplnı odpis a hlášení na dodavatele),Essence úprava,T&M,"Operátor pøevede materiál na spotøební pøihrádku (Vyr_rezie). Tato pøihrádka následnì bude vyrovnána pomocí deníku zboí.
Na základì poklesu mnoství bude následnì automaticky generován poadavek na dozásobení.",,3,
,Sklady,"Zaskladnìní, vyskladnìní",Operátori si berú materiál sami ze skladu,DNPS_28,Etapa 1 - Implementace BC,Zmìna procesu vyskladnìní. Vyskladòuje skladník. Proces vyskladnìní øízenı jednoduchım deníkem nebo vıdejním procesem.,Microsoft,,"Na veškeré skladové poadavky bude existovat poadavek na vyskladnìní. Toto je evidence pro pracovníka skladu, e má pøipravit mateirál pro danou zakázku. Tyto doklady mùe v systému spracovat pouze uivatel, kterı je systémovì pøiøazen jako operátor skladu",,,
,Sklady,Dozásobení,Nákup objednávky (Operátori dìlají ádanky - deník),DNPS_29,Etapa 1 - Implementace BC,"Automatickı nákup na základì nastavenıch MIN mnostvı na SKU. Odpis materiálu bude proveden pomocí pravidelného odpisu z vırobní pøihrádky. Potenciál velké úspory penìz a èasu, vèastnost objednávky a reakèní doby je díky systému velká úspora.
Vyuití ádankového deníku a Schvalovacího Workflow (Purchase Requisitions). Dozásobení by mìlo fungovat automaticky",Microsoft,,"Operátor pøevede materiál na spotøební pøihrádku (Vyr_rezie). Tato pøihrádka následnì bude vyrovnána pomocí deníku zboí.
Na základì poklesu mnoství bude následnì automaticky generován poadavek na dozásobení.",,,
,Sklady,"Zaskladnìní, vyskladnìní",Mìl by vyskladòovat jenom skladník (zamèenı sklad),DNPS_30,Etapa 1 - Implementace BC,Øízení pøístupu pomocí rolí a oprávnìní.,Microsoft,,"Na veškeré skladové poadavky bude existovat poadavek na vyskladnìní. Toto je evidence pro pracovníka skladu, e má pøipravit mateirál pro danou zakázku. Tyto doklady mùe v systému spracovat pouze uivatel, kterı je systémovì pøiøazen jako operátor skladu",,,
,Sklady,Lokace a pøihrádky,Skladové zóny (pevné pøihrádky),DNPS_31,Etapa 1 - Implementace BC,Nastavení pevnıch pøihrádek.,Microsoft,,"Mohu definova Tzv. pevnou pøihrádku. (nejsem schopnı systémovì do této pøihrádky umístit jiné zboí, ne které je zde definováno)",,,
,Prodej,Proces schvalování,Prodejní nabídka - email technikovi pro zamìøení (zamìøení zdarma) (Notifkace pøidìlenému technikovi) Zamìøení probíhá ještì pøed objednávkou. Pouze z nabídky,DNPS_32,Etapa 1 - Implementace BC,V rámci implementace bude postavené PowerAutomate Flow které odešle notifikaci (teams/outlook) správci servisních technikù pro zaplánování zamìøení,Essence úprava,T&M,"po spuštìní flow, je odeslána notifiika urèené odpovìdné osobì",,3,
,Prodej,Tvorba objednávek,Prodejní nabídka - Poadované datum dodávky - pøedvyplnit,DNPS_33,Etapa 1 - Implementace BC,Vyuití Datumu poadavky nebo Datumu objednávky a konfiguráce dátumu v BC. Na nastavení prodeje pøida pole vıchozí doba dodání. Na základì této doby pøi vytvoøení nabídky automaticky pøedvyplnit pole Poadovanı termín dodání),Essence úprava,T&M,"Pøi vytvoøení prodejní nabídky dojde k automatickému vyplnìní pole Poadované datum dodání.
Pøi pøeklopení nabídky na objednávku dojde k jeho aktualizaci (poadované datum dodávky = Dneèní datum + hodnota z nastavení prodeje)",,0.75,
,Prodej,Tvorba objednávek,Prodejní nabídka - Funkce zmìna DPH na polokách - s montáí / bez montáe (12% nebo 21% DPH),DNPS_34,Etapa 1 - Implementace BC,"Tlaèítko pro zmìnu DPH úèto skupiny na polokách na prodejní nabídce a prodejní objednávce
Na hlavièku prodejní nabídku pøidat pole: S montáí (Ano/Ne). ",Essence úprava,T&M,"Pøi pøepnutí bolean pole Montá, dojde ke zmìnì DPH Ob. Úè sk. Zboí na všech øíádcích na skupi DPH12M",,0.75,
,Prodej,Ostatní,Prodejní nabídka + Tisková sestava - Poznámka 1 a 4 - tisknou se na tiskovou sestavu nabídky nahoøe a dole,DNPS_36,Etapa 1 - Implementace BC,Pøidání novıch polí pro poznámky a jejich vytaení na specifické místa na tiskové sestavì - úprava tiskové sestavy. Typ pole Text(250),Essence úprava,T&M,"Po vyplnìní novıch polí, je moné tato pole vytisknout na tiskovıch sestavách.",,2,
,Prodej,Tvorba objednávek,Prodejní nabídka - Potøeba informace kopírovat do Prodejní objednávky a faktury,DNPS_37,Etapa 1 - Implementace BC,Standardní proces pøevodu dokladù v BC.,Microsoft,,"Pøi pøevodu nabídky do objednávky se mi pøenesou:
Informace ze všech øádkù, Hlavièkové informace a pøílohy",,,
,Prodej,Tvorba objednávek,"Prodejní nabídka - Stejné èíslo nabídky, objednávky, faktury (vıroby) aby se dalo dohledat zpìtnì",DNPS_38,Etapa 1 - Implementace BC,Kopírování èísla nabídky/objednávky do referenèného po¾a na faktúøe pro lehké vyhledávání.,Essence úprava,T&M,Pøi vytvoøení prodejní objednávky z nabídky pøebírá objednávka stejné èíslo jako mìla prodejní nabídka,,0.75,
,Prodej,Proces schvalování,Prodejní objednávka - Automatizaci na vytváøení vıše zálohové faktury na základì platební podmínky - rozšíøit o sloupec vıše zálohy %,DNPS_39,Etapa 1 - Implementace BC,"Automatické vytvoøení zálohové faktury na základe platební podmínky
Na tabulce Šablona záloh (31003) pøidat pole zaokrouhlení zálohy (1, 10, …)",Essence úprava,T&M,"Pøi spuštìní funkce Vytvoøit zálohu nad prodejní objednávkou, dojde k automatickému vyplnìní vıše zálohy dle nastavení ze šablony záloh a platební podmínky na prodejním dokladu",,2,
,Prodej,Proces schvalování,Prodejní nabídka - Doplnit stav - Èeká na technologa?,DNPS_40,Etapa 1 - Implementace BC,"Konfigurace nového stavu na prodejní nabídce/objednávce

Na Sales Line a Sales Header pøidat pole Èeká na technologa. Toto pole bude plnìno z konfigurátoru produktu. Pokud dojde ke konfiguraci, která nebude plnì pøipravená pro produkci, dojde k oznaèení této sales liny do tohoto stavu (nedokonèená konfigurace). Pokud doklad obsahuje alespoò 1 øádek, kterı je takto oznaèen. Je i hlavièka oznaèena Èeká na technologa = ANO. Aktualizace pole pomocí reportu. (Job Queue) Na základì tohoto pole budou prodejní doklady filtrovány.",Essence úprava,T&M,"Pøi nakonfigurování produktu, takovım souborem parametrù, kde je potøeba zásah technolga, dojde k oznaèení prodejní øádku. Po spuštìní reportu je tento pøíznak propsán i na hlavièku dokladu",,0.75,
,Prodej,Ostatní,Tisková sestava - Standardní texty v patièce nabídky,DNPS_41,Etapa 1 - Implementace BC,Úprava existujúcej zostavy (patièka/hlavièka) je úprava (napr. Report Builder).,Essence úprava,T&M,"Je moné vytisknout tiskovoui sestabu nabídky, kde jsou propsány standardní texty v hlavièce / patièce",,0.75,
,Prodej,Ostatní,Tisková sestava - Odesílání tiskové sestavy na email - odejde nabídka a standardizované dokumenty v pøíloze.,DNPS_42,Etapa 1 - Implementace BC,Dokumenty z pøíloh dokladu je moné pøiøadit k návrhu emailu pomocí akce pøidat souboury ze zdrojového dokumentu,Microsoft,,Pøi odeslání potvrzení mohu vybrat jaké pøílohy budou odeslány spoleènì s emailem potvrzení objednávky,,,
,Prodej,Tvorba objednávek,Prodejní objednávka - Nové pole priorita - pøednostní zaøazení do vıroby,DNPS_43,Etapa 1 - Implementace BC,Pouití nového pole (Priority Code). Tato priorita bude následnì pøenášena na hlavièku VZ,Essence úprava,T&M,Na prodejní objednávce mohu zvolit prioritu objednávky. Tato priorita je následnì pøenesena i na VZ. Pøi plánování zakázky tak mohu upøednostnit VZ s vyšší prioritou.,,0.75,
,Nákup,Tvorba objednávek,Automatické vytvoøení nákupních objednávek na základì prodejní objednávky,DNPS_45,Etapa 1 - Implementace BC,"Akce - funkce - dozásobení prodejní objednávky
Propojení Prodeje, Vıroby a Nákupu pøes plánování (MRP/MPS) je základní standard BC.",Essence modul,,"Pøi prodeji pøepordávaného zboí, mohu vygenerovat nákupní objednávku pomocí spuštìní funkce Dozásobit prodejní objednávky. Tato akce vytvoøí poadavky na nákup do sešitu poadavkù.",,,
,Prodej,Ostatní,Zálohová faktura - Daòovı doklad k pøijaté zálohe automaticky,DNPS_46,Etapa 1 - Implementace BC,Vystavení Daòového dokladu k pøijaté platbì (DDZP),Microsoft ÈR,,,,,
,Prodej,Proces schvalování,"Zálohová faktura - Nacenit upravu zaokrouhlení èástky zálohy na celé stovky, nebo tisíce.",DNPS_48,Etapa 1 - Implementace BC,Úprava logiky vytváøení zálohové faktury na netradièní zaokrouhlení celkové èástky na celé stovky nebo tisíce nahoru.,Essence úprava,T&M,"Pøi spuštìní funkce Vytvoøit zálohu nad prodejní objednávkou, dojde k automatickému vyplnìní vıše zálohy dle nastavení ze šablony záloh a platební podmínky na prodejním dokladu",,0.75,
,Prodej,Proces schvalování,"Zálohová faktura - Job que, která aktualizuje stav zálohovek. Pokud je záloha uhrazena, tak zmìní stav na prodejní objìdnávce a zaøadí objednávku do vıroby",DNPS_49,Etapa 1 - Implementace BC,Logika automatické zmìny stavu Prodejní objednávky na základe úhrady finanèního dokladu a uvolnìní do vıroby vyaduje customizaci workflow/Job Queue.,Essence úprava,T&M,"Spuštìním funkce vydat prodejní objednávku dojde k pøepnutí nového pole Stav objednávky do stavu Èeká na zálohu. Jakmile je záloha uhrazena, pravidlné úloha zmìní stav SO na stav vydáno",,2,
,Prodej,Proces schvalování,"Zálohová faktura -  Doplnit stav Prodejní objednávky - Èeká na zálohu... Ak je v tomto stavu, tak nejde vydat a zadat do vıroby.",DNPS_50,Etapa 1 - Implementace BC,Úprava stavového automatu a ovìøovací logiky na blokování vydání/vıroby. Èeká na zálohu,Essence úprava,T&M,"Prodejní objednávka nejde pøepnout do stavu vydáno, dokud zálohová faktura nemá stav k uplatnìní.",,0.75,
,Prodej,Ostatní,"Automatickı emailing zákazníkovi o zadání do vıroby, emailing o pøipsání zálohy, pøesnı termín expedice...",DNPS_51,Etapa 3 - Rozvojová fáze systému,"Na základì stavu SO (pøiøazení VZ, dokonèení VZ, Pøipsání platby za zálohy bude odeslána emailová notifikace zákazníkovi dle emailu na hlavièce SO",Essence úprava,T&M,Pøi dosaení poadovaného stavu objednávky dojde k odeslání emailu.,,2,
,Prodej,Fakturace,Faktury po splatnosti generovat upomínky,DNPS_52,Etapa 1 - Implementace BC,Standardní funkcionalita modulu Pohledávky (Reminder Terms).,Microsoft,,"Jakmile je faktura po splatnosti, dojde k automatickému odesláni emailu zákazníkovi dle pravidel upomínek.",,,
,Prodej,Synchronizace s CRM,CRM - vrámci CRM se loguje komunikace mezi zákazníkem,DNPS_53,Etapa 2 - Implementace CRM,"Standardní funkcionality pro styk se zákazníkem (Timeline, Activities, Tasks).",Microsoft,,"Pokud je na agendì kontaktu zapnuté automatické logování emailu vùèi definovanım emailovıch schránkám, dojde k automatickému zalogování zprávy v CRM. Email je moné pøiøadit k CRM záznamu také ruènì pomocí doplòku outlook",,,
,Prodej,Zboí - prodejní poloky,"Vıchozí pøílohy nad kartou zboí. Do všech prodejních nabídek, do vırobních zakázek...",DNPS_54,Etapa 1 - Implementace BC,Automatické pøipojení vícero pøedvolenıch pøíloh k transakèním dokladùm (napø. prodejní nabídka) ,Essence úprava,T&M,"Na kartì zboí mohu definovat vıchozí pøílohy pro nákupní, prodejní a vırobní doklady. Tyto doklady budou vdy pøiloeny jako pøíloha k dokladu s definovanım zboím",,2,
,Prodej,Èíselníky - zákazníci a kontakty,Nadefinovat šablony zákazníka - montá/bez montáe/ doprava vlastní/ Doprava Zlomek/Doprava Pøepravce…,DNPS_55,Etapa 1 - Implementace BC,"Vytvoøení šablon pro zaloení karty zákazníka (s dodávkou, bez dodávky, s montáí, bez montáe,…)",Microsoft,,"Pøi zakládání zákazníka v BC, je moné vybírat z rùznıch šablon. Dle tìchto šablon budou definovány i pøepravci a zpùsoby pøepravy",,,
,Prodej,Fakturace,"Automatické vytvoøení faktury z objednávek, které jsou plnì dodány",DNPS_56,Etapa 3 - Rozvojová fáze systému,"Vytvoøení reportu, kterı prochází všechny SO. Pokud je SO plnì dodána, vytvoøí a odešlì zaúètovanou prodejní fakturu",Essence úprava,T&M,"Doklad prodejní objednávky je automaticky vyfakturován a faktura automaticky odeslána, pokud je prodejní objednávky plnì dodán.",,2,
,Prodej,Ostatní,Certifikáty se odesílají a po uhrazení faktury - poštou,DNPS_57,Etapa 3 - Rozvojová fáze systému,Proces automatické kontroly platby a generování akce (tisk/odeslání) vyaduje customizáci workflow.,Essence úprava,T&M,"Po zaplacení finální faktury, dojde k vygenerování notifikace pro odeslání certifikátù. Notifikace bude obsahovat seznam prodejních øádkù, adresu pro odeslání a èíslo OP",,2,
,Prodej,Tvorba objednávek,"Konfigurátor - Vyplòuje cenaø, konfigurujú sa dvere, zárubne, ostìní. Podmienková logika (povrchy filtrujú dekory, speciality), kontrola chıb.",DNPS_58,Etapa 1 - Implementace BC,Konfigurátor,Essence modul,,,,,
,Prodej,Tvorba objednávek,Konfigurátor - Potøebujeme mít definici nestandardních operací a materiálu,DNPS_59,Etapa 1 - Implementace BC,Konfigurátor,Essence modul,,,,,
,Prodej,Sledování SN,Sledování SN - seriová èísla musí bıt zadána na prodejním øádku. ,DNPS_60,Etapa 1 - Implementace BC,"Na tabulku Tracking Specification (336) pøida pole Serial No. Zlomek. Do tohoto pole cenaø vyplní SN dle poadavku zákazníka (Èíslo z vıkersové dokumentace, nebo poadavku zákazníka)
Po validaci pole dojde k propsání do pole Serial No. (24, Code[50]). Jako prefix v tomto poli bude pouito èíslo SO (SO25001_Serial.No. Zlomek)

Délka Seriového èísla je MAX 29 Znakù",Essence úprava,T&M,Cenaø ke kadému konfigutrovanému øádku pøiøadí popis dle vıkresové dokumentace nebo poadavku zákazníka a dojde k jednoznaèné identifikaci dveøí. SN bude doplnìno o èíslo SO,,1,
,Prodej,Konfigurátor,Konfigurátor - Vypublikovat konfigurátor do B2B portálu,DNPS_61,Etapa 3 - Rozvojová fáze systému,Integrace nového B2B portálu. Dodání portálu není souèásní odhadovaného rozpoètu. Rozpoèet je pouze na integraci a synchronizaci hodnot bezi systémy Business Central a novım B2B portále,Essence úprava,T&M,Bude moné vytvoøit prodejní konfiguraci na webovém portálu,,14,
,Nákup,Kooperace,Objednávku kooperace øeší nákupèí. Napø.: Dovezení pláštì k dodavateli a pak jejich odvoz. ,DNPS_62,Etapa 1 - Implementace BC,TBD,Microsoft,,,,,
,Nákup,Tvorba objednávek,Èíselné øady na nákupních objednávkách - nákupèí vidí pouze øadu 41 a 42.,DNPS_63,Etapa 1 - Implementace BC,Filtrování nebo omezení èíselıch øad zobrazenıch pro konkrétní Roli/Uívatele,Poznámka,,,,,
,Nákup,Tvorba objednávek,Nákup skel - objednáva jinı nákupèí - vyfiltrovat poadavek k jinému uívateli,DNPS_64,Etapa 1 - Implementace BC,Filtrovat dle (Purchaser Code) v sezname objednávek i v sezname poadavkù?,Microsoft,,Kadı nákupèí mùe mít pøiøazené své produkty. Dle pøiøazenıch produktù následnì mùe filtrovat v sešitu poadavkù-,,,
,Prodej,Tvorba objednávek,Pro všechny prodejní a nákupní a vırobní doklady automaticky vyplnit pole Assigend User ID dle aktuálního uivatele,DNPS_65,Etapa 1 - Implementace BC,Pro všechny prodejní a nákupní doklady automaticky vyplnit pole Assigend User ID dle aktuálního uivatele,Essence úprava,T&M,"Pøi vytvoøení dokladu, se automaticky vyplní pole Asssigned User ID podle aktuálního uivatele. Platí pro všechny nákupní, prodejní doklady i vırobní zakázky",,0.75,
,Nákup,Tvorba objednávek,Je potøeba hromadnì oznaèit øádky v sešitu poadavkù pro zpracování,DNPS_66,Etapa 1 - Implementace BC,Vytvoøení nové funkce (zmìò pøijmi hlášené akce) Pro oznaèené øádky zmìni stav v poli Pøijmi hlášené akce na opaènou hodnotu,Essence úprava,T&M,"Pøi oznaèení øádku v sešitu poadavkù (i plánování) mohu spustit funkci, která i hromadnì zmìní stav v poli Pøijmi hlášené akce",,0.75,
,Nákup,Kooperace,"Kooperace - dátum - Zlomek TAM, Zlomek SEM (dátum odvozu, dátum príchodu).",DNPS_67,Etapa 1 - Implementace BC,Vyaduje pøidání custom polí a logiky na evidenci datumù v rámci logistiky pro kooperace.,Essence úprava,,,,,
,Nákup,Tvorba objednávek,"Èíslo prodejní zakázky zachovat i na nákupní objednávce, faktuøe",DNPS_68,Etapa 1 - Implementace BC,"Propojení nákupu s prodejem pomocí kódu nakupování (Speciální objednávka) 
Propojení Prodej / Vıroba pomocí modulu Essence Manufacturing (Net make to order) (tabulka Reference prodej - vıroba)",Microsoft,,"Pøi vytvoøení nákupní objednávky s provazbou na prodejní objednávku, se mi na øádek nákupní objednávky propíše èíslo prodejní objednávky",,,
,Nákup,Tvorba objednávek,"Materiál se bude zaskladòovat na ""hromádky"", ne na zakázku",DNPS_69,Etapa 1 - Implementace BC,Pøíjem tovaru bez pøímé vazby 1:1 na vırobní/prodejní objednávku (na sklad) je standard. Všechny komponenty budou umístìné ve skladu dle definovanıch pozic (skladník mùe øízenì pøeskladnit pomocí HHT) ,Microsoft,,Pøíjem pomocí standardní agendy Nákupní pøíjemka. Je moné pøijmout na pøíjmovou pøihrádku a následnì zaskladnit pomocí zaskladnìní. Pøípadnì je moné pøijímat na konkrétní pøihrádky,,,
,Nákup,Tvorba objednávek,Pøidat na rolu Nákupèího kostièku Èásteène dodané nákupní objednávky.,DNPS_70,Etapa 1 - Implementace BC,Vytvoøení dladice (Tile) pro zobrazení Èásteène dodané nákupní objednávky na  (Role Center) v BC.,Essence úprava,T&M,Na domovské stránce vidím seznam všech èásteènì dodanıch objednávek,,1.25,
,Nákup,Fakturace a došlá pošta,Essence Incoming Documents pro pøíchozí faktury.,DNPS_71,Etapa 1 - Implementace BC,Zpracování pøichozích faktúr pøes Modul Essence Incoming Documents. ,Essence modul,,"Mohu zaevidovat pøíchozí fakturu, na agendì pøíchozích dokumentù mohju pøikládat pøílohy do stejné struktury jako ostatní dokumenty odkládané na SHP",,,
,Master_Data,Karty Zboí,"Nové pole na kartu zboí - pro dveøe, zárubnì - aby bylo moné identifikovat kartu dveøí a zárubní na expedièním listu",DNPS_72,Etapa 1 - Implementace BC,Pøidání konfiguraèních polí na kartu zboí.,Essence úprava,T&M,"Na kartì zboí mám identifikaci, zdali se jedná o dveøe nebo zárubòì. Tuto informaci propsat i na Sales linu a øádek dodávky ze skladu (propisovat i na ILE)",,1.25,
,Prodej,Ostatní,Na dodávce ze skladu zobrazit hmotnost dodávky a informace o poètu dveøí a zárubní.,DNPS_73,Etapa 1 - Implementace BC,Zobrazení souhrnu hmotnosti a poètu jednotek na expedièním listu/dodacím listu) je uprava tiskové sestavy,Essence úprava,T&M,Na dodávce ze skladu vidím celkovou hmotnost dodávky,,1.25,
,Nákup,Fakturace a došlá pošta,"Doøešit fakturaci na nákupu pøed pøechodem na BC, všechno vyfakturovat pøed Go-Live.",DNPS_74,Etapa 1 - Implementace BC,úkol pøed go-live,Poznámka,,,,,
,Prodej,Expedice,Automatické vytvoøení dodávky ze skladu (expedièní pøíkaz),DNPS_76,Etapa 3 - Rozvojová fáze systému,"Jakmile bude objednávka plnì vykryta ze skladovıch poloek (rezervováno ze skladu 100% všech prodejních øádkù) systém automaticky vytvoøí dodávky ze skladu (pokud ji nejsou vytvoøeny ruènì)
",Essence úprava,T&M,"V systému budou automaticky vytváøené dodávky ze skladu pro objednávky, které jsou ji plnì vyrobené a nakoupené. S tímto seznamem následnì bude pracovat plánovaè expedice a bude zajišovat objednávní pøepravy.",,2,
,Prodej,CRM,Implementace CRM systému,DNPS_75,Etapa 2 - Implementace CRM,"Bude implementován Essence standard pro CRM systém. Standard obsahuje:
1) Agendy:
    a) Account
    b) Contact
    c) Lead
    d) Opportunity
2) Synchronizace do systému Business Central
    a) kontaktù, zákazníkù a pøíleitostí
",Essence úprava,T&M,,,20,
